company,category,official_entry_or_candidate,status,note,checked_date
小红书,互联网,https://job.xiaohongshu.com/campus/position,已接入,常规应届校招；支持官网方向筛选。此前正式抓取验证见 campus-sources.md。,2026-10-05
腾讯,互联网,https://join.qq.com/post.html,已接入,限定2027常规应届校招、官网中国工作地点分类；不含实习、青云专项和海外Workday岗。正式抓取器完整105岗，首尾详情核验通过，保留毕业范围、职责、要求和加分项。,2026-10-06
百度,互联网,https://talent.baidu.com/jobs/list?recruitType=GRADUATE,已接入,GRADUATE 应届生；此前正式抓取器验证 159 岗。,2026-10-05
美团,互联网,https://zhaopin.meituan.com/web/campus?hiringType=1_1,已接入但本机直连受限,适配器与固定数据测试已有；代理网络可读，但正式抓取器禁用代理，本机直连超时。,2026-10-05
京东,互联网,https://campus.jd.com/#/jobs?type=present,已接入,present 应届生项目；此前正式抓取器验证 124 岗。,2026-10-05
网易互联网,互联网,https://campus.163.com/app/job/position?id=103,已接入,2027届互联网项目103；此前验证81岗，不包含互娱、雷火。,2026-10-05
阿里巴巴,互联网,https://campus-talent.alibaba.com/campus/position?batchId=100000760001,已接入,2027届应届生固定批次；此前验证468岗。,2026-10-05
哔哩哔哩,互联网,https://jobs.bilibili.com/campus/positions?type=3,已接入,公开应届生范围；此前正式抓取器验证89岗。,2026-10-05
SAP,外企与软件,https://careers.sap.com/search/?q=&optionsFacetsDD_country=CN&optionsFacetsDD_customfield3=Graduate,核验时暂无岗位,核验时暂无岗位：中国 Graduate 分类正式抓取器直连返回 0 岗，可关注后等待更新；不混入 Student、Professional 或海外岗位。Graduate 不是统一 2027 应届项目，具体届别与经验要求以原文为准。,2026-10-06
西门子,外企与工业,https://jobs.siemens.com.cn/siemens/position/index?recruitmentType=CAMPUSRECRUITMENT,已接入,中国官网校招分类；此前正式抓取器完整42岗与首尾详情。,2026-10-05
海尔集团,制造业,https://maker.haier.net/client/campusmobile/activity/id/68/fid.html,已接入,集团2027校招项目68；此前正式抓取器完整102岗与首尾详情。,2026-10-05
OPPO,消费电子与制造,https://careers.oppo.com/university/oppo/campus/post?recruitType=Graduate,已接入,项目30；此前正式抓取器完整118岗与首尾详情，包含后端岗位。,2026-10-05
快手,互联网,https://campus.kuaishou.cn/recruit/campus/e/#/campus/jobs?recruitSubProjectCodes=20271779425607,已接入,2027应届生；此前正式抓取器验证279岗。,2026-10-05
360集团,互联网,https://360campus.zhiye.com/campus/jobs,本轮接入并完整验证,官网校招分类；包含不同届别，具体年份见岗位原文；正式抓取器完整30岗，首尾详情核验成功。,2026-10-05
三一集团,制造业,https://sanycampus.zhiye.com/campus/jobs,本轮接入并完整验证,官网校招分类；不含社招、实习；正式抓取器完整95岗，首尾详情核验成功。,2026-10-05
汇川技术,制造业,https://inovance.zhiye.com/campus/jobs,已接入，当前0岗,官网校招分类本次返回0岗，可关注后等待更新；不代表其他渠道没有招聘；正式抓取器完整0岗。,2026-10-05
vivo,消费电子与制造,https://hr-campus.vivo.com/campus/jobs,本轮接入并完整验证,官网校招分类；不含社招、实习；正式抓取器完整165岗，首尾详情核验成功。,2026-10-05
上汽通用/泛亚,汽车与制造,https://sgm.zhiye.com/campusjobs,已接入,官网校招分类核验为 1 条秋招项目，包含多类储备生；具体岗位方向以原文为准。,2026-10-05
荣耀,消费电子与制造,https://career.honor.com/SU60eea919bef57c1023f6fe78/pb/school.html,本轮接入并完整验证,项目101801：2027届应届本硕；不含博士专项、实习；正式抓取器完整101岗，首尾详情核验成功。,2026-10-05
联想,消费电子与制造,https://talent.lenovo.com.cn/#/campus,本轮接入并完整验证,官网应届生分类projectType=1；不含人才专项、实习；正式抓取器完整83岗，首尾详情核验成功。,2026-10-05
美的集团,制造业,https://careers.midea.com/schoolOut/post?projectType=1,本轮接入并完整验证,2027届美的星校园招聘；不含博士专项、实习；正式抓取器完整148岗，首尾详情核验成功。,2026-10-05
比亚迪,汽车与制造,https://job.byd.com/portal/mobile/schoolPositionList?tab=%E5%BA%94%E5%B1%8A%E7%94%9F,本轮接入并完整验证,2027常规应届生；不含实习、外派专项；采用500容量内一次完整读取避开分页重复；正式抓取器完整372岗，首尾详情核验成功。,2026-10-05
海康威视,智能物联与制造,https://campushr.hikvision.com/school?schoolType=nozxf,本轮接入并完整验证,2027常规校招；不含智先锋、实习；合并岗位保留各子岗位职责、要求、部门和方向；正式抓取器完整167岗，首尾详情核验成功。,2026-10-05
同花顺,金融科技,https://campus.10jqka.com.cn/job/list?sid=61,已接入,2027 校招项目含实习转正岗位，官网未提供可核对的用工类型；保留原文，不统一标成全职。 2026-10-06 正式抓取器完整读取 52 岗，首尾独立原文核验成功。,2026-10-06
交通银行 · 总行金融科技,银行,https://job.bankcomm.com/#/school,已接入,完整读取总行校招后选择金融科技项目；不混入业务类、博士后及其他单位。官网入口需筛选总行；招聘季年份不等于毕业年份，具体毕业范围见原文。 2026-10-08 正式抓取器完整读取 6 岗，首尾独立详情核验成功。,2026-10-08
招商证券,证券,https://wecruit.hotjob.cn/SU629dbc0c0dcad452299bc0f7/pb/school.html?projectCode=101501,已接入,限定本预设的官网固定校招项目，保留岗位职责、学历、毕业范围、实习考察和截止时间；不据匿名可投状态判断资格。 2026-10-08 正式抓取器完整读取 24 岗，首尾独立详情核验成功。,2026-10-08
华泰证券 · 总部,证券,https://wecruit.hotjob.cn/SU6419745cbef57c635fe10142/pb/school.html?projectCode=107301,已接入,限定本预设的官网固定校招项目，保留岗位职责、学历、毕业范围、实习考察和截止时间；不据匿名可投状态判断资格。 2026-10-08 正式抓取器完整读取 78 岗，首尾独立详情核验成功。,2026-10-08
中信建投证券,证券,https://csc108.zhiye.com/campus/jobs,已接入,完整读取官网校招分类；可能包含实习考察、不同届别、公开地区及经验要求。官网未明确用工类型时保留未知，具体条件见原文。 2026-10-08 正式抓取器完整读取 30 岗，首尾独立详情核验成功。,2026-10-08
国信证券,证券,https://guosen.zhiye.com/campus/jobs,已接入,完整读取官网校招分类；可能包含实习考察、不同届别、公开地区及经验要求。官网未明确用工类型时保留未知，具体条件见原文。 2026-10-08 正式抓取器完整读取 62 岗，首尾独立详情核验成功。,2026-10-08
中国银河证券,证券,https://chinastock.zhiye.com/custom/campus,已接入,完整读取官网校招分类；可能包含实习考察、不同届别、公开地区及经验要求。官网未明确用工类型时保留未知，具体条件见原文。 2026-10-08 正式抓取器完整读取 70 岗，首尾独立详情核验成功。,2026-10-08
中金公司,证券,https://cicc.zhiye.com/campus/jobs,已接入,完整读取官网校招分类；可能包含实习考察、不同届别、公开地区及经验要求。官网未明确用工类型时保留未知，具体条件见原文。 2026-10-08 正式抓取器完整读取 104 岗，首尾独立详情核验成功。,2026-10-08
招商银行 · 科技与研发,银行,https://career.cmbchina.com/positionlist/96574F8D-C7ED-4772-AE7C-BAC896D190C1,已接入,限定科技相关校招岗位，保留原始招聘单位、轮岗培养及届别要求；完整分页读取后筛选，数量以实时预览为准。 2026-10-08 正式抓取器完整读取 26 岗，首尾独立详情核验成功。,2026-10-08
中信银行 · 信息科技,银行,https://job.citicbank.com/CustStyle/zpmhys/schoolRecruit.html,已接入,限定科技相关校招岗位，保留原始招聘单位、轮岗培养及届别要求；完整分页读取后筛选，数量以实时预览为准。 2026-10-08 正式抓取器完整读取 20 岗，首尾独立详情核验成功。,2026-10-08
中国银行 · 软件中心,银行,https://campus.chinahr.com/pages/2027-boc/#/jobs?campustrace_scope=boc_software,已接入,限定 2027 校招及本预设单位；官网链接打开集团目录，需按单位查看。部分资格要求引用公告附件，保留核对链接，不自动补写；官网截止时间保留北京时间。 2026-10-08 正式抓取器完整读取 8 岗，首尾独立详情核验成功。,2026-10-08
中国银行 · 信息科技运营中心,银行,https://campus.chinahr.com/pages/2027-boc/#/jobs?campustrace_scope=boc_operations,已接入,限定 2027 校招及本预设单位；官网链接打开集团目录，需按单位查看。部分资格要求引用公告附件，保留核对链接，不自动补写；官网截止时间保留北京时间。 2026-10-08 正式抓取器完整读取 4 岗，首尾独立详情核验成功。,2026-10-08
招银网络科技,金融科技,https://cmbntjob.cmbchina.com/pages/schoolRecruit/index.html,核验时暂无岗位,应届毕业生分类核验返回 0 岗，可关注后等待更新；不代表社招、实习或其他渠道没有岗位。 2026-10-06 正式抓取器完整读取 0 岗；当前没有应届岗位详情可做实网验证，详情协议由官网公开客户端及固定数据测试验证。,2026-10-06
网易游戏互娱,游戏,https://campus.game.163.com/app/job/position?id=102,已接入,预览时实时核验官网范围与岗位数量。 2026-10-06 正式抓取器完整读取 42 岗，首尾独立原文核验成功。,2026-10-06
网易游戏雷火,游戏,https://leihuo.163.com/campus/#/full,已接入,预览时实时核验官网范围与岗位数量。 2026-10-06 正式抓取器完整读取 63 岗，首尾独立原文核验成功。,2026-10-06
天翼云科技有限公司,国央企,https://job.chinatelecom.com.cn/wt/TELE/web/index?brandCode=1#/postinquiry?data=eyJrZXkiOiI1ODE4NTQiLCJyZWNydWl0UHJvamVjdCI6IjEwMTEwMSIsInJlY3J1aXRQcm9qZWN0TmFtZSI6IjIwMjflubTluqbnp4vlraPmoKHlm63mi5vogZgiLCJ0eXBlIjoiMSJ9,已接入,按招聘单位限定 2027 秋招，避免混入集团其他单位；官网链接打开该岗位的标题搜索页。 2026-10-06 正式抓取器完整读取 43 岗，首尾独立原文核验成功。,2026-10-06
中国电信云计算研究院,国央企,https://job.chinatelecom.com.cn/wt/TELE/web/index?brandCode=1#/postinquiry?data=eyJrZXkiOiI1ODE4NTEiLCJyZWNydWl0UHJvamVjdCI6IjEwMTEwMSIsInJlY3J1aXRQcm9qZWN0TmFtZSI6IjIwMjflubTluqbnp4vlraPmoKHlm63mi5vogZgiLCJ0eXBlIjoiMSJ9,已接入,按招聘单位限定 2027 秋招，避免混入集团其他单位；官网链接打开该岗位的标题搜索页。 2026-10-06 正式抓取器完整读取 12 岗，首尾独立原文核验成功。,2026-10-06
米哈游,游戏,https://jobs.mihoyo.com/campus/position,已接入,2027 届秋招应届生项目（不含实习）。2026-10-06正式抓取器完整124岗，首尾独立详情核验通过。,2026-10-06
平安科技,金融科技,https://campus.pingan.com/freshGraduates?id=PA011&type=company,已接入,官网应届生分类 · 平安科技（具体届别见原文）。2026-10-06正式抓取器完整177岗，首尾独立详情核验通过。,2026-10-06
金融壹账通,金融科技,https://campus.pingan.com/freshGraduates?id=PA038&type=company,已接入,官网应届生分类 · 金融壹账通（具体届别见原文）。2026-10-06正式抓取器完整53岗，首尾独立详情核验通过。,2026-10-06
平安壹钱包,金融科技,https://campus.pingan.com/freshGraduates?id=PA027&type=company,已接入,官网应届生分类 · 平安壹钱包（具体届别见原文）。2026-10-06正式抓取器完整2岗，首尾独立详情核验通过。,2026-10-06
中国移动云公司,国央企,https://job.10086.cn/personal/campus/campus_job_list.html?cId=79,已接入,官网校园招聘 · 云公司（具体届别见原文）。2026-10-06正式抓取器完整6岗，首尾公开列表原文核验通过。,2026-10-06
中国移动物联网公司,国央企,https://job.10086.cn/personal/campus/campus_job_list.html?cId=77,已接入,官网校园招聘 · 物联网公司（含博士岗位，届别见原文）。2026-10-06正式抓取器完整17岗，首尾公开列表原文核验通过。,2026-10-06
中国移动智慧家庭运营中心,国央企,https://job.10086.cn/personal/campus/campus_job_list.html?cId=81,已接入,官网校园招聘 · 智慧家庭运营中心（含博士岗位，届别见原文）。2026-10-06正式抓取器完整25岗，首尾公开列表原文核验通过。,2026-10-06
恒生电子,金融科技,https://campus.hundsun.com/campus/jobs,已接入,按官网应届生校招分类读取；不混入实习、社招。地点字段为空时保留未知，具体毕业年份见岗位原文。 2026-10-06 正式抓取器完整读取 21 岗，首尾独立详情核验通过。,2026-10-06
阅文集团,互联网,https://yuewen.zhiye.com/campus/jobs,已接入,按官网应届生校招分类读取；不混入实习、社招。地点字段为空时保留未知，具体毕业年份见岗位原文。 2026-10-06 正式抓取器完整读取 34 岗，首尾独立详情核验通过。,2026-10-06
吉比特&雷霆游戏,游戏,https://hr.g-bits.com/web/index.html#/post-web/post-list/8a82ac07a057a3ea01a0617904b4100c,已接入,限定 2027 秋招正式岗位，保留职责、要求、加分项与提前实习说明；用工类型保留未知。官网链接打开标题搜索页，同名岗位通过编号分别读取原文。 2026-10-06 正式抓取器完整读取 36 岗，首尾独立详情核验通过。,2026-10-06
TCL · 流程与数字化转型中心,消费电子与制造,https://campus.tcl.com/campus/recruiting.html?id=43,已接入,限定2027全球校招与流程与数字化转型中心；正式抓取器完整12岗，首尾独立职责、要求与毕业范围核验通过。,2026-10-06
TCL · 鸿鹄实验室,消费电子与制造,https://campus.tcl.com/campus/recruiting.html?id=46,已接入,限定2027全球校招与鸿鹄实验室；正式抓取器完整6岗，首尾独立职责、要求与毕业范围核验通过。,2026-10-06
中国电子 · 麒麟软件/中电云,国央企,https://campus.cec.com.cn/position?positionType=0,已接入,仅麒麟软件、中电云两单位的官网校招分类；正式抓取器完整72岗，首尾独立详情核验通过。官网入口打开集团校招页，可按单位筛选查看；具体届别、截止日期见原文。,2026-10-06
字节跳动,互联网,https://jobs.bytedance.com/campus/position,公开查询受限,官网与客户端可读；按公开客户端发送匿名岗位查询返回405，尚未完成校招范围、完整分页与详情核验。,2026-10-06
携程/Trip.com,互联网,https://careers.ctrip.com/campus/jobList,官网验证阻断,公开接口曾返回 56 个应届生岗位；正式安全抓取器收到官网验证跳转，当前不可自动导入。,2026-10-06
滴滴,互联网,https://talent.didiglobal.com/campus/,访问受限,官网链接的 Moka 校招入口在本机出现重定向循环。,2026-10-06
华为,通信与制造,https://career.huawei.com/cn/campus-recruitment,访问受限,官网校招页可读；公开应届岗位查询本次返回412，尚未完成正式抓取验证。,2026-10-06
小米,消费电子与制造,https://hr.xiaomi.com/website/campus.html,投递入口失效,投递入口失效：官网校招分类本次可读 1059 岗，但官网发布的校招、零售项目入口及抽查岗位链接均返回 404；容量扩展与原文核对也尚未完成，暂不自动导入。2026-10-06 复核。,2026-10-06
博世,外企与工业,https://www.bosch.com.cn/careers/,访问受限,中国官网可读，官网链接的 Moka 校招入口在本机出现重定向循环。,2026-10-05
ABB,外企与工业,https://careers.abb/china/zh/,待适配,中国职业页可读；中国毕业生岗位范围与公开查询尚未验证。,2026-10-05
施耐德电气,外企与工业,https://www.se.com/cn/zh/about-us/careers/students-and-young-professionals.jsp,访问受限,本机中国页面连接超时，全球职位入口返回 403，尚未完成岗位读取验证。,2026-10-05
Intel,外企与芯片,https://jobs.intel.com/en/locations-china,访问受限,中国职位入口在本机返回 403，尚未完成毕业生范围与分页验证。,2026-10-05
IBM,外企与软件,https://www.ibm.com/careers/search,待适配,官网搜索页可读；中国毕业生岗位范围尚未验证，不能混入全球社招。,2026-10-05
爱立信,外企与通信,https://jobs.ericsson.com/careers,公开查询受限,公开查询受限：官网搜索页可读且能看到中国 New Grad 岗位；公开 search 查询本次返回 403，尚未完成完整分页与详情验证。2026-10-06 复核。,2026-10-06
宁德时代,新能源与制造,https://talent.catl.com/,访问受限,官网 Moka 招聘入口在本机出现重定向循环；2027 校招项目尚未核验。,2026-10-05
吉利汽车/控股,汽车与制造,https://www.geelyautogroup.com/recruitment,访问受限,集团招聘页可读；官网链接的校招站点连接失败，需分别核对子公司范围。,2026-10-05
上汽集团,汽车与制造,https://www.saicmotor.com/chinese/rlzy/rcxq/xyzp/index_xz2.shtml,需按子公司接入,官网汇总多个子公司渠道；尚未核验各渠道校招范围，不能视为集团统一列表。,2026-10-05
格力电器,制造业,https://www.gree.com/,招聘入口待确认,公司官网可读；当前正式校招列表尚未确认，此处保留公司官网入口。,2026-10-05
巨人网络,游戏,https://hr.ztgame.com/campus/,访问受限,官方校招列表可读；官网链接的 Moka 岗位入口在本机出现重定向循环，尚未接通独立岗位详情。,2026-10-06
完美世界,游戏,https://jobs.games.wanmei.com/,项目待核验,官方招聘入口可读；当届正式校招项目、完整岗位范围与第三方详情尚未核验。,2026-10-06
中国银联,金融科技,https://join.unionpay.com/wt/unionpayhr/web/index,待适配,官网招聘入口可读；当前校园项目、完整岗位范围与独立详情尚未核验。,2026-10-06
京东方,消费电子与制造,https://campus.boe.com/,渠道待适配,官网可读，标准校招查询返回空列表；官网定制招聘渠道尚未完成岗位范围与分页核验，不能据此判断没有招聘。,2026-10-06
TCL,消费电子与制造,https://campus.tcl.com/campus/recruiting.html?jobmx=308501,需按部门接入,已支持流程与数字化转型中心、鸿鹄实验室；集团全部岗位每页10条，其他部门需分别核验后接入。,2026-10-06
鹰角网络,游戏,https://career.hypergryph.com/,访问受限,官网已发布 2027 校招，链接的岗位站本次返回 403；暂不能自动读取完整岗位与详情。,2026-10-06
叠纸游戏,游戏,https://career.papegames.com/campus,岗位入口待确认,官网校招页可读，公开客户端链接的岗位列表返回 404；待确认新岗位入口。,2026-10-06
莉莉丝游戏,游戏,https://jobs.lilith.com/,岗位入口失效,招聘官网可读，但官网发布的校招链接当前返回 404；暂不能自动导入岗位。,2026-10-06
建信金科,金融科技,https://job2.ccb.com/cn/job/announcement.html?annoId=20260903100124717047&planType=XY,公告入口,已确认 2027 校招公告；具体岗位列表、招聘单位与详情待适配。,2026-10-06
中国平安,金融科技,https://campus.pingan.com/,需按单位接入,已支持平安科技、金融壹账通和平安壹钱包；集团应届生总列表超过单来源容量，其他单位需独立核验。,2026-10-06
工银科技,金融科技,https://www.tech.icbc.com.cn/,招聘入口待核验,保留公司官网及校园招聘栏目；当前届别、独立岗位列表与详情尚未核验。,2026-10-06
中国移动,国央企,https://job.10086.cn/,需按单位接入,已支持云公司、物联网公司和智慧家庭运营中心；按单位读取官网校招分类，其他单位需独立核验。,2026-10-06
中国电信（集团入口）,国央企,https://job.chinatelecom.com.cn/,需按单位接入,已分别支持天翼云和云计算研究院；集团其他单位需独立核验，集团总列表超过单来源容量。,2026-10-06
中国联通,国央企,https://www.chinaunicom.com.cn/46/menu01/528/column06,项目待核验,保留集团官方校招入口；需核对当届公告及各招聘单位的具体岗位渠道。,2026-10-06
国网信通产业集团,国央企,https://campus.51job.com/m/SGIT2027/,公告入口,2027 校招页可读，当前公开的是单位介绍和岗位类别；缺少可独立核对的岗位编号及职责详情。,2026-10-06
南瑞集团,国央企,https://job.sgepri.sgcc.com.cn/,访问受限,岗位入口本次访问受限；当前校招项目、招聘单位和完整详情尚未核验。,2026-10-06
中国电科,国央企,https://www.cetc.com.cn/zgdk/1593022/1592495/index.html,公告入口,已确认集团 2027 校招公告；各成员单位岗位及投递入口需分别核验。,2026-10-06
中国电子,国央企,https://campus.cec.com.cn/,需按单位接入,已支持麒麟软件、中电云两单位；集团校招列表超过单来源容量，其他单位需分别核验后接入。,2026-10-06
工商银行,银行,https://job.icbc.com.cn/,公开查询返回异常,招聘官网可读；匿名校招岗位查询返回系统繁忙，尚未完成完整列表及独立详情核验。,2026-10-08
农业银行,银行,https://career.abchina.com.cn/,客户端协议待适配,招聘官网可读；公开客户端使用加密请求封装，当前未接通岗位列表和详情，不能视为已支持自动导入。,2026-10-08
建设银行,银行,https://job2.ccb.com/cn/job/index.html,岗位接口待适配,2027 校招公告可读；按官网协议复核多个查询入口仍返回空正文，尚不能核验岗位列表及详情；建信金科独立保留公告入口。,2026-10-08
交通银行,银行,https://job.bankcomm.com/,需按单位接入,已接通总行金融科技校招；集团校招总列表超过 500 岗容量，其他招聘单位需分别核验后接入。,2026-10-08
邮储银行,银行,https://www.psbc.com/cn/gyyc/rczp/xyzp/,公告入口,2027 校招公告及专属网申站可读；网申站使用智联动态组件，公开单位列表与独立岗位详情协议尚未接通。,2026-10-08
兴业银行,银行,https://job.cib.com.cn/portal/,客户端协议待适配,2027 校招公告已确认科技研发中心研发岗；岗位查询返回错误页面，公开客户端请求封装仍待核验，暂不能自动读取完整岗位。,2026-10-08
浦发银行,银行,https://job.spdb.com.cn/,岗位渠道待核验,招聘官网可读；本次未读到可核对的公开校招岗位列表，后续需确认当前投递渠道及详情协议。,2026-10-08
中信证券,证券,https://careers.citics.com/,公开协议待适配,官网可读；公开客户端使用独立招聘网关，总部与分支项目、完整分页及详情尚未完成适配。,2026-10-08
广发证券,证券,https://job.gf.com.cn/,当前校招项目待核验,官网及其发布的招聘平台可读；校园分类本次混有日常招聘，尚未核验独立当届项目，不能统一视为 2027 校招。,2026-10-08
国泰海通证券,证券,https://hr.gtht.com/,岗位协议待适配,新版招聘官网可读；校招项目、完整岗位列表及独立详情协议仍待适配，不沿用旧海通或国泰君安渠道冒充当前范围。,2026-10-08
深信服,互联网,https://hr.sangfor.com/campucompon/schoolRecruitment,已接入,限定官网 27 届校园招聘常规频道，实时核对频道名称；不混入 X-STAR 专项、实习与社招。保留完整原文、工作城市及官网全职类型；含校园大使岗位。正式抓取器完整 30 岗，首尾详情核验通过。,2026-10-09
用友网络,互联网,https://career.yonyou.com/SU67ac41886202cc7916ae3029/pb/school.html?projectCode=106301,已接入,限定 2027 届校招（北京）项目 106301；北京为项目名，实际工作城市以岗位为准。保留职责、要求、学历、专业及官网截止时间，不代表集团全部招聘。正式抓取器完整 6 岗，首尾详情核验通过。,2026-10-09
摩尔线程,芯片与制造,https://mthreads.zhiye.com/,已接入,完整读取官网校招分类，含 AI、软件及芯片方向；地点字段为空时保留未知，具体毕业年份见原文。正式抓取器完整 62 岗，首尾详情核验通过。,2026-10-09
晶合集成,芯片与制造,https://nexchip.zhiye.com/campus/jobs,已接入,完整读取官网校招分类，含软件与制造研发方向；地点字段为空时保留未知，具体毕业年份见原文。正式抓取器完整 28 岗，首尾详情核验通过。,2026-10-09
东软集团,互联网,https://neusoft-campus.zhiye.com/,已接入,完整读取官网校招分类；正式抓取器完整16岗及全部原文核验通过。地点为空时保留未知，具体毕业年份见岗位原文。,2026-10-10
苏州科达,智能物联与制造,https://kedacom.zhiye.com/campus/?r=2,已接入,完整读取校园招聘类别r=2，排除页面混列实习；正式抓取器完整52岗及全部详情核验通过。保留完整城市、职责、要求与公开日期，含不同届别。,2026-10-10
三七互娱,游戏,https://zhaopin.37.com/index.php?m=Home&c=recruit&a=recruit&recruit=3,已接入,完整读取官网校园招聘分类；正式抓取器完整24岗及全部岗位原文核验通过。含JAVA游戏服务端、AI平台等方向，保留官网Moka投递链接；届别及用工类型以原文为准。,2026-10-10
紫光展锐,芯片与制造,https://www.unisoc.com/cn/about/join-us,公开查询受限,官网招聘页可读，但官网链接的校招入口与公开查询本次均返回405，尚未完成完整岗位与详情核验。,2026-10-10
新华三集团,通信与制造,https://career.h3c.com/campus/jobs,已接入,完整读取官网校招分类；正式抓取器完整78岗及全部详情核验通过，含锐进等专项及部分海外地点。保留城市、学历、工作性质，具体届别见原文。,2026-10-10
宇信科技,金融科技,https://yusys-campus.zhiye.com/,已接入,完整读取官网校招分类；正式抓取器完整6岗及全部详情核验通过，含高潜人才、大模型应用、JAVA与大数据开发等方向。保留公开城市、学历、工作性质，届别见原文。,2026-10-10
中科芯,国央企,https://cksic.zhiye.com/campus/jobs,已接入,完整读取官网校招分类；正式抓取器完整47岗及全部详情核验通过，含AI编译器、GPU软件、信息安全等方向。保留公开城市、学历、工作性质，届别见原文。,2026-10-10
新芯股份,芯片与制造,https://whxmc.zhiye.com/campus/jobs,已接入,完整读取官网校招分类；正式抓取器完整41岗及全部详情核验通过，含软件开发、信息安全、系统及半导体大模型等方向。保留公开城市、学历、工作性质，届别见原文。,2026-10-10
